"Dr. Christian Collins PhD",octavia62@gerhold.com,586-637-0304
"Prof. Wilburn Harris PhD",kristy21@yahoo.com,"+1 (224) 676-8415"
"Kathleen Franecki",vonrueden.jedidiah@zemlak.info,+15164095196
"Dr. Hazel Carter III",raoul.wilderman@gmail.com,1-435-808-4485
"Conrad Fritsch",leffler.valentine@stark.com,"+1 (432) 415-9342"
"Perry Homenick Jr.",ywyman@tillman.org,"(682) 624-3268"
"Verdie Bashirian PhD",thea.tremblay@weissnat.com,"(678) 657-1271"
"Prof. Kay Lynch IV",edd84@rutherford.com,1-463-890-5939
"Raleigh Spencer",stella63@gmail.com,361-261-9339
"Mariam Leannon",mcdermott.london@hotmail.com,"+1 (862) 883-0896"
"Blanca Hamill",cremin.ignatius@hotmail.com,"(845) 831-3378"
"Eldora Hauck",greenholt.candida@terry.com,+1-702-821-8165
"Sophia Mayert",simone.hansen@hotmail.com,1-281-624-0961
"Prof. Drew Dietrich DVM",dewayne83@yahoo.com,+1-551-574-9897
"Mr. Judge Hudson I",awilliamson@marquardt.org,817.879.6228
"Julianne Schamberger MD",cwehner@goldner.net,512.230.0833
"Hal Legros",julia.witting@gmail.com,"+1 (720) 250-0592"
"Arnold Cummings",deondre.haley@hotmail.com,"(680) 844-6225"
"Arlene Douglas",bhirthe@hotmail.com,1-325-200-2251
"Ashley Prosacco",obatz@nader.com,+1-931-841-9516
"Miss Tamia Hermiston",witting.camille@yahoo.com,+17322871659
"Braden Ratke",wwill@stark.com,+1-520-716-5099
"Prof. Whitney Willms",cruickshank.robb@hotmail.com,878.761.5713
"Dianna Kuhn Sr.",ron.hickle@goldner.com,+1.413.791.0149
"Nelson Lowe",kulas.marcellus@oconner.biz,458-512-4025
"Leonel Grady",bartell.gust@hotmail.com,+17633160361
"Destini Greenholt",thowell@altenwerth.net,+1.530.343.1833
"Sonny Lueilwitz",gusikowski.tyler@renner.info,+1-580-503-7702
"Citlalli Jacobson",hdach@weimann.com,+1.920.821.3790
"Mrs. Michele Schiller I",newton28@treutel.com,+1-925-683-2621
"Elton Metz DVM",douglas.beryl@hotmail.com,781-267-0758
"Prof. Cayla Haley",demetrius51@stanton.com,+1.272.918.6360
"Reuben Konopelski",rgottlieb@yahoo.com,+1-862-441-1531
"Camilla Ondricka",hhermiston@hotmail.com,+1-646-972-8855
"Kamryn Larson",zmuller@gmail.com,1-838-538-2858
"Dr. Cyril Conroy Sr.",lorine64@mueller.biz,+1-364-233-5755
"Emmitt Hill",baby.steuber@barton.com,404.717.5899
"Gerard Wilderman",nella.becker@gmail.com,1-520-835-8427
"Brayan Johnston",dicki.dusty@bogan.com,+14804901272
"Dr. Orville Ernser",cstamm@hotmail.com,317-872-5141
"Meghan Rogahn DVM",xbraun@gmail.com,857.441.0323
"Iliana Lakin",macy60@rath.com,+19013299585
"Johnnie Marquardt",ekreiger@hotmail.com,1-219-717-6781
"Wilbert Flatley",caitlyn91@waters.biz,850.290.6866
"Craig Ortiz",wade89@gmail.com,1-458-919-9734
"Alexane Reichel",wyman.kariane@hotmail.com,+1-458-318-7099
"Prof. Wallace Krajcik MD",pkulas@kreiger.com,1-316-722-6249
"Caroline Schuppe",qrunolfsson@gmail.com,904-497-0152
"Chesley Orn",harvey.francisco@hotmail.com,231.448.5776
"Dr. Mckenna Kautzer",audreanne50@gmail.com,662.484.7239
"Birdie Rosenbaum",josiah62@yahoo.com,"(843) 681-1209"
"Hillard Erdman",barton27@kunze.com,248.560.7153
"Polly Larkin",jacobson.jacynthe@gmail.com,605.813.3489
"Mr. Gerard Dare IV",cassandra.anderson@abshire.com,+1.708.492.0141
"Jessika Kris",gstracke@rolfson.com,820-927-4556
"Mr. Donald Skiles",nruecker@hagenes.com,509-857-4990
"Kamryn Lueilwitz",yhauck@yahoo.com,+18606737196
"Jermain Hane",velva.cartwright@gmail.com,"+1 (469) 343-6924"
"Zackary Hoeger",rene.littel@yahoo.com,"+1 (918) 932-6225"
"Miss Lelia Bins Jr.",casimir.wisoky@gmail.com,"(478) 540-5887"
"Mr. Domenico Raynor I",laurine85@gmail.com,517.838.8060
"Wilbert Rath",paula43@yahoo.com,+12082486244
"Prof. Tyrell Cormier I",eldora44@koss.com,+1-228-876-5279
"Hillary Predovic III",rhianna.jenkins@gmail.com,+19806421112
"Prof. Percival Hegmann Sr.",lemke.lulu@hotmail.com,914-954-7972
"Laisha Prosacco",cortney43@hotmail.com,231-489-9104
"Christ Dietrich",orn.santa@konopelski.com,564.294.0913
"Dolores Price II",tromp.mary@ritchie.com,"+1 (480) 283-5466"
"Prof. Robbie Goldner",madalyn38@schmeler.com,1-702-556-2012
"Marion Hirthe",adrain.denesik@braun.biz,+14144218087
"Dejah Oberbrunner",feeney.randy@beier.info,754.466.7484
"Micheal Boyer",nmann@beier.info,"(701) 899-7891"
"Nichole Corwin",bettye.turcotte@kohler.com,551.400.1474
"Zackary Quitzon MD",thiel.lazaro@keebler.com,1-234-309-8057
"Zachariah Zulauf",abigayle.rogahn@yahoo.com,"(681) 804-2487"
"Sally Gutmann",rwitting@labadie.info,+1.804.520.4130
"Monique Rodriguez",bvon@hotmail.com,248.425.4973
"Helmer Ritchie",leone97@jacobi.com,"+1 (626) 858-8276"
"Ian Von",sjacobs@yahoo.com,269-876-0773
"Marta Nienow",shany.davis@yahoo.com,+1.864.730.3315
"Mr. Clyde Goyette III",deron.dickinson@stokes.com,1-754-415-7732
"Prof. Idella Bosco V",wolff.carolyne@hotmail.com,+1.830.669.4065
"Dr. Meredith Fisher",vonrueden.maegan@feest.com,843-763-1479
"Daren Hilpert",felton81@gislason.com,+19105528418
"Mallory Legros",adaniel@hotmail.com,1-325-428-1997
"Nestor Hamill IV",fbednar@hotmail.com,770.963.2911
"Delta O'Kon Jr.",broob@spencer.com,+1-629-917-7980
"Nikki Lubowitz",natasha.casper@yahoo.com,"+1 (940) 583-5735"
"Mr. Kyler Hill I",halvorson.oran@hand.com,520.297.2334
"Mr. Dedric Erdman V",cartwright.osbaldo@gmail.com,346-997-9443
"Meghan Runolfsson",violette00@jenkins.com,"(872) 558-2743"
"Mr. Cory Fay Sr.",hudson.felicita@boyer.com,509.666.7011
"Gregory Sauer",hintz.brandon@gmail.com,347-410-7692
"Jasper Champlin",izaiah97@ratke.com,"+1 (346) 438-3765"
"Baby Nicolas",waters.alysha@nienow.com,+1-984-842-9709
"Lily Schoen",julia.bernier@hand.org,+1.802.922.6612
"Chadrick Lind",christophe19@yahoo.com,727-389-5413
"Mr. Justice Hayes II",loma.auer@gmail.com,1-540-386-9316
"Dr. Judge Turner",oeichmann@mayer.com,531-217-4482
"Mr. Zander Kirlin",franecki.jamir@watsica.com,"(747) 760-6245"
